{"initial_reset_timestamp": 1527788423.3324268, "timestamps": [1527788423.9551308, 1527788424.2549467, 1527788424.308455, 1527788424.310997, 1527788424.3142376, 1527788424.31706, 1527788424.320292, 1527788424.322887, 1527788424.5542219, 1527788424.6088672, 1527788424.6117022, 1527788424.6149049, 1527788424.6175315, 1527788424.620577, 1527788424.623137, 1527788424.62594, 1527788424.628316, 1527788424.6313956, 1527788424.6337726, 1527788424.636803, 1527788424.6398354, 1527788424.6424003, 1527788424.6450043, 1527788424.64777, 1527788424.650644, 1527788424.653207, 1527788424.6562872, 1527788424.8879704, 1527788424.9414635, 1527788424.9442837, 1527788424.947439, 1527788424.950472, 1527788424.9534907, 1527788424.9565089, 1527788424.9595754, 1527788424.9621346, 1527788424.9651747, 1527788424.967693, 1527788424.9707668, 1527788424.97363, 1527788424.9766533, 1527788424.9794807, 1527788424.9824755, 1527788424.9854598, 1527788424.988421, 1527788424.9916146, 1527788424.9944282, 1527788424.997439, 1527788425.0004895, 1527788425.0029888, 1527788425.0057492, 1527788425.008704, 1527788425.0118852, 1527788425.0149212, 1527788425.0179365, 1527788425.0211394, 1527788425.023725, 1527788425.0260596, 1527788425.0285828, 1527788425.031558, 1527788425.0345683, 1527788425.0373302, 1527788425.0403502, 1527788425.04331, 1527788425.2710712, 1527788425.3224301, 1527788425.3252523, 1527788425.3278236, 1527788425.3310318, 1527788425.3340664, 1527788425.3369682, 1527788425.3399599, 1527788425.342567, 1527788425.345179, 1527788425.3482347, 1527788425.351235, 1527788425.3538592, 1527788425.3567295, 1527788425.359039, 1527788425.3620927, 1527788425.3648841, 1527788425.3676808, 1527788425.370445, 1527788425.3736973, 1527788425.376479, 1527788425.379062, 1527788425.3818798, 1527788425.3848486, 1527788425.3876405, 1527788425.390401, 1527788425.3931937, 1527788425.395776, 1527788425.3988001, 1527788425.4018035, 1527788425.4044123, 1527788425.4071739, 1527788425.4102366, 1527788425.4130402, 1527788425.416039, 1527788425.419071], "episode_lengths": [13, 13, 11, 11, 13, 12, 14, 11, 13, 12, 12, 13, 11, 13, 11, 12, 10, 13, 10, 13, 13, 11, 11, 12, 12, 11, 13, 13, 12, 12, 13, 11, 11, 13, 13, 11, 13, 11, 13, 12, 13, 12, 13, 13, 13, 14, 12, 13, 13, 11, 12, 13, 14, 13, 13, 14, 11, 10, 11, 13, 13, 12, 13, 13, 12, 12, 12, 11, 13, 13, 12, 13, 11, 11, 13, 13, 11, 12, 10, 13, 12, 12, 12, 14, 12, 11, 12, 13, 12, 12, 12, 11, 13, 13, 11, 12, 13, 12, 13, 13], "episode_rewards": [13.0, 13.0, 11.0, 11.0, 13.0, 12.0, 14.0, 11.0, 13.0, 12.0, 12.0, 13.0, 11.0, 13.0, 11.0, 12.0, 10.0, 13.0, 10.0, 13.0, 13.0, 11.0, 11.0, 12.0, 12.0, 11.0, 13.0, 13.0, 12.0, 12.0, 13.0, 11.0, 11.0, 13.0, 13.0, 11.0, 13.0, 11.0, 13.0, 12.0, 13.0, 12.0, 13.0, 13.0, 13.0, 14.0, 12.0, 13.0, 13.0, 11.0, 12.0, 13.0, 14.0, 13.0, 13.0, 14.0, 11.0, 10.0, 11.0, 13.0, 13.0, 12.0, 13.0, 13.0, 12.0, 12.0, 12.0, 11.0, 13.0, 13.0, 12.0, 13.0, 11.0, 11.0, 13.0, 13.0, 11.0, 12.0, 10.0, 13.0, 12.0, 12.0, 12.0, 14.0, 12.0, 11.0, 12.0, 13.0, 12.0, 12.0, 12.0, 11.0, 13.0, 13.0, 11.0, 12.0, 13.0, 12.0, 13.0, 13.0], "episode_types": ["t", "t", "t", "t", "t", "t", "t", "t", "t", "t", "t", "t", "t", "t", "t", "t", "t", "t", "t", "t", "t", "t", "t", "t", "t", "t", "t", "t", "t", "t", "t", "t", "t", "t", "t", "t", "t", "t", "t", "t", "t", "t", "t", "t", "t", "t", "t", "t", "t", "t", "t", "t", "t", "t", "t", "t", "t", "t", "t", "t", "t", "t", "t", "t", "t", "t", "t", "t", "t", "t", "t", "t", "t", "t", "t", "t", "t", "t", "t", "t", "t", "t", "t", "t", "t", "t", "t", "t", "t", "t", "t", "t", "t", "t", "t", "t", "t", "t", "t", "t"]}